{
  "majority_voting": {
    "correct": 20,
    "total": 22,
    "accuracy": 0.9090909090909091
  },
  "weighted_voting": {
    "correct": 20,
    "total": 22,
    "accuracy": 0.9090909090909091
  },
  "borda_count": {
    "correct": 20,
    "total": 22,
    "accuracy": 0.9090909090909091
  }
}