{
  "majority_voting": {
    "correct": 16,
    "total": 18,
    "accuracy": 0.8888888888888888
  },
  "weighted_voting": {
    "correct": 16,
    "total": 18,
    "accuracy": 0.8888888888888888
  },
  "borda_count": {
    "correct": 16,
    "total": 18,
    "accuracy": 0.8888888888888888
  }
}