{
  "majority_voting": {
    "correct": 20,
    "total": 24,
    "accuracy": 0.8333333333333334
  },
  "weighted_voting": {
    "correct": 20,
    "total": 24,
    "accuracy": 0.8333333333333334
  },
  "borda_count": {
    "correct": 20,
    "total": 24,
    "accuracy": 0.8333333333333334
  }
}