{
  "majority_voting": {
    "correct": 18,
    "total": 22,
    "accuracy": 0.8181818181818182
  },
  "weighted_voting": {
    "correct": 18,
    "total": 22,
    "accuracy": 0.8181818181818182
  },
  "borda_count": {
    "correct": 18,
    "total": 22,
    "accuracy": 0.8181818181818182
  }
}