{
  "majority_voting": {
    "correct": 14,
    "total": 18,
    "accuracy": 0.7777777777777778
  },
  "weighted_voting": {
    "correct": 14,
    "total": 18,
    "accuracy": 0.7777777777777778
  },
  "borda_count": {
    "correct": 14,
    "total": 18,
    "accuracy": 0.7777777777777778
  }
}