{
  "majority_voting": {
    "correct": 19,
    "total": 23,
    "accuracy": 0.8260869565217391
  },
  "weighted_voting": {
    "correct": 19,
    "total": 23,
    "accuracy": 0.8260869565217391
  },
  "borda_count": {
    "correct": 19,
    "total": 23,
    "accuracy": 0.8260869565217391
  }
}